Label name,Feature type,Feature name,Column name,Bin,Number customer,Contribution,Conversion rate,Event_cnt,Non_event_cnt,Dist_event,Dist_non_event,ChiSquare,P_value,CramerV,CramerV_remark,WOE,IV,score
IS_CASA_50M_ACTUAL_BAL_LCL,categorical,SEGMENTATION,SEGMENTATION,DNL,1345,1.932916,0.61487,827,518,3.738529,1.091376,894.948792,0.0,0.113408,Medium,1.231253,0.032593,6.855281
IS_CASA_50M_ACTUAL_BAL_LCL,categorical,SEGMENTATION,SEGMENTATION,USME,2103,3.022246,0.493581,1038,1065,4.692374,2.243853,894.948792,0.0,0.113408,Medium,0.737744,0.018064,3.799344
IS_CASA_50M_ACTUAL_BAL_LCL,categorical,SEGMENTATION,SEGMENTATION,NONE,14549,20.908542,0.315554,4591,9958,20.754035,20.980553,894.948792,0.0,0.113408,Medium,-0.010855,2.5e-05,-0.005172
IS_CASA_50M_ACTUAL_BAL_LCL,categorical,SEGMENTATION,SEGMENTATION,MSME,51587,74.136296,0.303662,15665,35922,70.815063,75.684217,894.948792,0.0,0.113408,Medium,-0.066498,0.003238,-0.681021
IS_CASA_50M_ACTUAL_BAL_LCL,continuous,TOI_DP,TOI_DP,"(-inf, 32698.04]",9155,10.902574,0.000765,7,9148,0.02539,16.219571,38294.205461,0.0,0.675308,Strong,-6.459622,1.046083,-19.201249
IS_CASA_50M_ACTUAL_BAL_LCL,continuous,TOI_DP,TOI_DP,"(32698.04, 63821.131]",4502,5.361375,0.00311,14,4488,0.05078,7.957306,38294.205461,0.0,0.675308,Strong,-5.054346,0.399623,-7.335237
IS_CASA_50M_ACTUAL_BAL_LCL,continuous,TOI_DP,TOI_DP,"(63821.131, 110866.711]",4339,5.16726,0.007836,34,4305,0.123322,7.632843,38294.205461,0.0,0.675308,Strong,-4.125413,0.309799,-5.686475
IS_CASA_50M_ACTUAL_BAL_LCL,continuous,TOI_DP,TOI_DP,"(110866.711, 278061.062]",8450,10.062998,0.023077,195,8255,0.707291,14.636265,38294.205461,0.0,0.675308,Strong,-3.029816,0.422022,-7.746381
IS_CASA_50M_ACTUAL_BAL_LCL,continuous,TOI_DP,TOI_DP,"(278061.062, 615501.156]",8683,10.340475,0.06841,594,8089,2.154516,14.341944,38294.205461,0.0,0.675308,Strong,-1.895622,0.231028,-4.2406
IS_CASA_50M_ACTUAL_BAL_LCL,continuous,TOI_DP,TOI_DP,"(615501.156, 1139992.375]",7806,9.296066,0.16372,1278,6528,4.635473,11.574263,38294.205461,0.0,0.675308,Strong,-0.915046,0.063493,-1.16544
IS_CASA_50M_ACTUAL_BAL_LCL,continuous,TOI_DP,TOI_DP,"(1139992.375, 1828560.5]",6330,7.538317,0.308531,1953,4377,7.083787,7.760501,38294.205461,0.0,0.675308,Strong,-0.091238,0.000617,-0.011333
IS_CASA_50M_ACTUAL_BAL_LCL,continuous,TOI_DP,TOI_DP,"(1828560.5, 5364714.25]",13862,16.50808,0.510027,7070,6792,25.643816,12.04234,38294.205461,0.0,0.675308,Strong,0.755874,0.10281,1.887116
IS_CASA_50M_ACTUAL_BAL_LCL,continuous,TOI_DP,TOI_DP,"(5364714.25, 15595853.0]",10119,12.050589,0.720526,7291,2828,26.445412,5.014095,38294.205461,0.0,0.675308,Strong,1.66283,0.356366,6.541239
IS_CASA_50M_ACTUAL_BAL_LCL,continuous,TOI_DP,TOI_DP,"(15595853.0, inf]",10723,12.769885,0.851814,9134,1589,33.130214,2.817326,38294.205461,0.0,0.675308,Strong,2.464657,0.747109,13.713469
IS_CASA_50M_ACTUAL_BAL_LCL,continuous,TOI_DP,TOI_DP,Special 0,2,0.002382,0.0,0,2,0.0,0.003546,38294.205461,0.0,0.675308,Strong,-3.568416,0.000123,-0.002257
IS_CASA_50M_ACTUAL_BAL_LCL,continuous,TOI_LN,TOI_LN,"(-inf, 14254681.0]",4613,5.493563,0.254065,1172,3441,4.250997,6.100956,479.656086,0.0,0.075579,Weak,-0.361292,0.006684,-1.919144
IS_CASA_50M_ACTUAL_BAL_LCL,continuous,TOI_LN,TOI_LN,"(14254681.0, 43098374.0]",4816,5.735313,0.256645,1236,3580,4.483134,6.347405,479.656086,0.0,0.075579,Weak,-0.347724,0.006483,-1.861363
IS_CASA_50M_ACTUAL_BAL_LCL,continuous,TOI_LN,TOI_LN,"(43098374.0, 109975172.0]",4576,5.4495,0.281469,1288,3288,4.671745,5.829684,479.656086,0.0,0.075579,Weak,-0.22143,0.002564,-0.736224
IS_CASA_50M_ACTUAL_BAL_LCL,continuous,TOI_LN,TOI_LN,"(109975172.0, inf]",5494,6.542735,0.416636,2289,3205,8.302503,5.682523,479.656086,0.0,0.075579,Weak,0.379162,0.009934,2.852396
IS_CASA_50M_ACTUAL_BAL_LCL,continuous,TOI_LN,TOI_LN,Special 0,64472,76.778888,0.334797,21585,42887,78.291621,76.039432,479.656086,0.0,0.075579,Weak,0.029189,0.000657,0.188758
IS_CASA_50M_ACTUAL_BAL_LCL,continuous,TOI_FEE,TOI_FEE,"(-inf, 895427.5]",27703,32.991152,0.241021,6677,21026,24.218353,37.279481,6219.138454,0.0,0.272145,Medium,-0.431332,0.056337,-4.684993
IS_CASA_50M_ACTUAL_BAL_LCL,continuous,TOI_FEE,TOI_FEE,"(895427.5, 1043334.0]",5120,6.097343,0.244141,1250,3870,4.533914,6.86158,6219.138454,0.0,0.272145,Medium,-0.414352,0.009645,-0.80206
IS_CASA_50M_ACTUAL_BAL_LCL,continuous,TOI_FEE,TOI_FEE,"(1043334.0, 1406750.0]",8292,9.874838,0.263507,2185,6107,7.925281,10.827822,6219.138454,0.0,0.272145,Medium,-0.312061,0.009058,-0.753242
IS_CASA_50M_ACTUAL_BAL_LCL,continuous,TOI_FEE,TOI_FEE,"(1406750.0, 2209020.0]",9089,10.823975,0.343602,3123,5966,11.32753,10.577827,6219.138454,0.0,0.272145,Medium,0.068476,0.000513,0.042692
IS_CASA_50M_ACTUAL_BAL_LCL,continuous,TOI_FEE,TOI_FEE,"(2209020.0, 3622106.0]",7177,8.546998,0.394733,2833,4344,10.275662,7.701991,6219.138454,0.0,0.272145,Medium,0.288299,0.00742,0.617039
IS_CASA_50M_ACTUAL_BAL_LCL,continuous,TOI_FEE,TOI_FEE,"(3622106.0, 12301027.5]",10123,12.055352,0.472884,4787,5336,17.363076,9.460825,6219.138454,0.0,0.272145,Medium,0.607186,0.047981,3.990148
IS_CASA_50M_ACTUAL_BAL_LCL,continuous,TOI_FEE,TOI_FEE,"(12301027.5, inf]",7993,9.518762,0.626048,5004,2989,18.150163,5.299551,6219.138454,0.0,0.272145,Medium,1.231057,0.158198,13.155833
IS_CASA_50M_ACTUAL_BAL_LCL,continuous,TOI_FEE,TOI_FEE,Special 0,8474,10.091579,0.201912,1711,6763,6.206021,11.990922,6219.138454,0.0,0.272145,Medium,-0.65863,0.038101,-3.1685
IS_CASA_50M_ACTUAL_BAL_LCL,continuous,TOI_FX,TOI_FX,"(-inf, 150426.781]",373,5.326289,0.340483,127,246,2.980521,8.971554,540.046601,0.0,0.277699,Medium,-1.101961,0.066019,-4.958202
IS_CASA_50M_ACTUAL_BAL_LCL,continuous,TOI_FX,TOI_FX,"(150426.781, 857262.5]",486,6.939883,0.430041,209,277,4.904952,10.102115,540.046601,0.0,0.277699,Medium,-0.7225,0.037549,-2.820073
IS_CASA_50M_ACTUAL_BAL_LCL,continuous,TOI_FX,TOI_FX,"(857262.5, 3670133.5]",1030,14.707982,0.5,515,515,12.086365,18.781911,540.046601,0.0,0.277699,Medium,-0.440816,0.029515,-2.216665
IS_CASA_50M_ACTUAL_BAL_LCL,continuous,TOI_FX,TOI_FX,"(3670133.5, 7340795.25]",729,10.409824,0.534979,390,339,9.152781,12.363239,540.046601,0.0,0.277699,Medium,-0.30067,0.009653,-0.724958
IS_CASA_50M_ACTUAL_BAL_LCL,continuous,TOI_FX,TOI_FX,"(7340795.25, 22045455.0]",1393,19.891475,0.590093,822,571,19.291246,20.824216,540.046601,0.0,0.277699,Medium,-0.076465,0.001172,-0.088035
IS_CASA_50M_ACTUAL_BAL_LCL,continuous,TOI_FX,TOI_FX,"(22045455.0, 31325891.0]",464,6.625732,0.635776,295,169,6.923257,6.163384,540.046601,0.0,0.277699,Medium,0.11626,0.000883,0.066348
IS_CASA_50M_ACTUAL_BAL_LCL,continuous,TOI_FX,TOI_FX,"(31325891.0, 56548342.0]",680,9.710124,0.657353,447,233,10.490495,8.497447,540.046601,0.0,0.277699,Medium,0.210704,0.004199,0.315389
IS_CASA_50M_ACTUAL_BAL_LCL,continuous,TOI_FX,TOI_FX,"(56548342.0, 180401568.0]",1046,14.936456,0.73327,767,279,18.000469,10.175055,540.046601,0.0,0.277699,Medium,0.570459,0.044641,3.352648
IS_CASA_50M_ACTUAL_BAL_LCL,continuous,TOI_FX,TOI_FX,"(180401568.0, 467085088.0]",450,6.425818,0.824444,371,79,8.706876,2.881109,540.046601,0.0,0.277699,Medium,1.105938,0.064429,4.838829
IS_CASA_50M_ACTUAL_BAL_LCL,continuous,TOI_FX,TOI_FX,"(467085088.0, inf]",352,5.026417,0.903409,318,34,7.463037,1.239971,540.046601,0.0,0.277699,Medium,1.794875,0.111696,8.388705
IS_CASA_50M_ACTUAL_BAL_LCL,continuous,TOI_TOTAL,TOI_TOTAL,"(-inf, 158232.094]",5821,6.932155,0.001031,6,5815,0.021763,10.310101,18039.285885,0.0,0.463495,Good,-6.160678,0.633831,-16.403606
IS_CASA_50M_ACTUAL_BAL_LCL,continuous,TOI_TOTAL,TOI_TOTAL,"(158232.094, 928261.469]",9221,10.981172,0.024509,226,8995,0.819732,15.948299,18039.285885,0.0,0.463495,Good,-2.96813,0.449036,-11.621077
IS_CASA_50M_ACTUAL_BAL_LCL,continuous,TOI_TOTAL,TOI_TOTAL,"(928261.469, 1146470.062]",4199,5.000536,0.038581,162,4037,0.587595,7.157675,18039.285885,0.0,0.463495,Good,-2.499902,0.164246,-4.250688
IS_CASA_50M_ACTUAL_BAL_LCL,continuous,TOI_TOTAL,TOI_TOTAL,"(1146470.062, 1533504.25]",5926,7.057198,0.08353,495,5431,1.79543,9.629262,18039.285885,0.0,0.463495,Good,-1.679562,0.131574,-3.405147
IS_CASA_50M_ACTUAL_BAL_LCL,continuous,TOI_TOTAL,TOI_TOTAL,"(1533504.25, 2323382.875]",7724,9.198414,0.193941,1498,6226,5.433442,11.038811,18039.285885,0.0,0.463495,Good,-0.708845,0.039733,-1.028302
IS_CASA_50M_ACTUAL_BAL_LCL,continuous,TOI_TOTAL,TOI_TOTAL,"(2323382.875, 2984147.0]",4252,5.063653,0.323377,1375,2877,4.987305,5.100973,18039.285885,0.0,0.463495,Good,-0.022536,2.6e-05,-0.000663
IS_CASA_50M_ACTUAL_BAL_LCL,continuous,TOI_TOTAL,TOI_TOTAL,"(2984147.0, 4019723.0]",4556,5.425683,0.407375,1856,2700,6.731955,4.787149,18039.285885,0.0,0.463495,Good,0.340931,0.00663,0.171596
IS_CASA_50M_ACTUAL_BAL_LCL,continuous,TOI_TOTAL,TOI_TOTAL,"(4019723.0, 6693147.0]",6895,8.211168,0.490645,3383,3512,12.270584,6.22684,18039.285885,0.0,0.463495,Good,0.678336,0.040997,1.061003
IS_CASA_50M_ACTUAL_BAL_LCL,continuous,TOI_TOTAL,TOI_TOTAL,"(6693147.0, 321617200.0]",31155,37.102095,0.507559,15813,15342,57.355822,27.201645,18039.285885,0.0,0.463495,Good,0.745997,0.224949,5.821703
IS_CASA_50M_ACTUAL_BAL_LCL,continuous,TOI_TOTAL,TOI_TOTAL,"(321617200.0, inf]",4220,5.025545,0.653081,2756,1464,9.996373,2.595699,18039.285885,0.0,0.463495,Good,1.348367,0.099788,2.582527
IS_CASA_50M_ACTUAL_BAL_LCL,continuous,TOI_TOTAL,TOI_TOTAL,Special 0,2,0.002382,0.0,0,2,0.0,0.003546,18039.285885,0.0,0.463495,Good,-3.568416,0.000123,-0.003182
IS_CASA_50M_ACTUAL_BAL_LCL,continuous,ACTUAL_BAL_LCL_D0,ACTUAL_BAL_LCL_D0,Missing,39,0.046445,0.102564,4,35,0.014509,0.062056,38655.295437,0.0,0.678484,Strong,-1.453295,0.000691,-0.017732
IS_CASA_50M_ACTUAL_BAL_LCL,continuous,ACTUAL_BAL_LCL_D0,ACTUAL_BAL_LCL_D0,"(-inf, 1533959.0]",23148,27.56666,0.038837,899,22249,3.260791,39.447882,38655.295437,0.0,0.678484,Strong,-2.493011,0.902148,-23.150298
IS_CASA_50M_ACTUAL_BAL_LCL,continuous,ACTUAL_BAL_LCL_D0,ACTUAL_BAL_LCL_D0,"(1533959.0, 3313217.0]",8157,9.714068,0.07135,582,7575,2.11099,13.430613,38655.295437,0.0,0.678484,Strong,-1.85038,0.209456,-5.374914
IS_CASA_50M_ACTUAL_BAL_LCL,continuous,ACTUAL_BAL_LCL_D0,ACTUAL_BAL_LCL_D0,"(3313217.0, 7209136.0]",6885,8.199259,0.106899,736,6149,2.669568,10.902289,38655.295437,0.0,0.678484,Strong,-1.407056,0.115839,-2.97258
IS_CASA_50M_ACTUAL_BAL_LCL,continuous,ACTUAL_BAL_LCL_D0,ACTUAL_BAL_LCL_D0,"(7209136.0, 14886191.0]",6025,7.175096,0.157012,946,5079,3.431266,9.005159,38655.295437,0.0,0.678484,Strong,-0.964868,0.053781,-1.380084
IS_CASA_50M_ACTUAL_BAL_LCL,continuous,ACTUAL_BAL_LCL_D0,ACTUAL_BAL_LCL_D0,"(14886191.0, 30973753.0]",6338,7.547844,0.224992,1426,4912,5.172289,8.709065,38655.295437,0.0,0.678484,Strong,-0.521049,0.018428,-0.472895
IS_CASA_50M_ACTUAL_BAL_LCL,continuous,ACTUAL_BAL_LCL_D0,ACTUAL_BAL_LCL_D0,"(30973753.0, 49209458.0]",4238,5.046981,0.32067,1359,2879,4.929271,5.104519,38655.295437,0.0,0.678484,Strong,-0.034935,6.1e-05,-0.001571
IS_CASA_50M_ACTUAL_BAL_LCL,continuous,ACTUAL_BAL_LCL_D0,ACTUAL_BAL_LCL_D0,"(49209458.0, 79479544.0]",4596,5.473318,0.549608,2526,2070,9.162133,3.670148,38655.295437,0.0,0.678484,Strong,0.914847,0.050243,1.289308
IS_CASA_50M_ACTUAL_BAL_LCL,continuous,ACTUAL_BAL_LCL_D0,ACTUAL_BAL_LCL_D0,"(79479544.0, 133960280.0]",4983,5.934192,0.659643,3287,1696,11.922379,3.007039,38655.295437,0.0,0.678484,Strong,1.377461,0.122805,3.151346
IS_CASA_50M_ACTUAL_BAL_LCL,continuous,ACTUAL_BAL_LCL_D0,ACTUAL_BAL_LCL_D0,"(133960280.0, 318133248.0]",7121,8.480309,0.763236,5435,1686,19.713457,2.989309,38655.295437,0.0,0.678484,Strong,1.886259,0.315461,8.095136
IS_CASA_50M_ACTUAL_BAL_LCL,continuous,ACTUAL_BAL_LCL_D0,ACTUAL_BAL_LCL_D0,"(318133248.0, inf]",12193,14.520489,0.850078,10365,1828,37.595212,3.241077,38655.295437,0.0,0.678484,Strong,2.450971,0.84201,21.607074
IS_CASA_50M_ACTUAL_BAL_LCL,continuous,ACTUAL_BAL_LCL_D0,ACTUAL_BAL_LCL_D0,Special 0,248,0.29534,0.020161,5,243,0.018136,0.430843,38655.295437,0.0,0.678484,Strong,-3.167865,0.013074,-0.335497
IS_CASA_50M_ACTUAL_BAL_LCL,continuous,AVG_AMT_LCL_D0,AVG_AMT_LCL_D0,Missing,39,0.046445,0.102564,4,35,0.014509,0.062056,40740.76801,0.0,0.696546,Strong,-1.453295,0.000691,-0.015027
IS_CASA_50M_ACTUAL_BAL_LCL,continuous,AVG_AMT_LCL_D0,AVG_AMT_LCL_D0,"(-inf, 1731633.25]",17458,20.790511,0.012659,221,17237,0.801596,30.561515,40740.76801,0.0,0.696546,Strong,-3.640892,1.083527,-23.563402
IS_CASA_50M_ACTUAL_BAL_LCL,continuous,AVG_AMT_LCL_D0,AVG_AMT_LCL_D0,"(1731633.25, 5602332.75]",10744,12.794893,0.029598,318,10426,1.153428,18.485488,40740.76801,0.0,0.696546,Strong,-2.774248,0.480834,-10.456682
IS_CASA_50M_ACTUAL_BAL_LCL,continuous,AVG_AMT_LCL_D0,AVG_AMT_LCL_D0,"(5602332.75, 16665522.0]",10442,12.435246,0.082264,859,9583,3.115705,16.990833,40740.76801,0.0,0.696546,Strong,-1.696218,0.235352,-5.118199
IS_CASA_50M_ACTUAL_BAL_LCL,continuous,AVG_AMT_LCL_D0,AVG_AMT_LCL_D0,"(16665522.0, 30277129.0]",6578,7.833657,0.172089,1132,5446,4.105912,9.655857,40740.76801,0.0,0.696546,Strong,-0.855137,0.04746,-1.032102
IS_CASA_50M_ACTUAL_BAL_LCL,continuous,AVG_AMT_LCL_D0,AVG_AMT_LCL_D0,"(30277129.0, 49977852.0]",5837,6.951209,0.285935,1669,4168,6.053682,7.38994,40740.76801,0.0,0.696546,Strong,-0.199453,0.002665,-0.05796
IS_CASA_50M_ACTUAL_BAL_LCL,continuous,AVG_AMT_LCL_D0,AVG_AMT_LCL_D0,"(49977852.0, 75399148.0]",5126,6.104488,0.471713,2418,2708,8.770403,4.801333,40740.76801,0.0,0.696546,Strong,0.602489,0.023913,0.520039
IS_CASA_50M_ACTUAL_BAL_LCL,continuous,AVG_AMT_LCL_D0,AVG_AMT_LCL_D0,"(75399148.0, 122473140.0]",5896,7.021472,0.58616,3456,2440,12.535365,4.326164,40740.76801,0.0,0.696546,Strong,1.063872,0.087335,1.899279
IS_CASA_50M_ACTUAL_BAL_LCL,continuous,AVG_AMT_LCL_D0,AVG_AMT_LCL_D0,"(122473140.0, 185479400.0]",4467,5.319694,0.68368,3054,1413,11.077258,2.505275,40740.76801,0.0,0.696546,Strong,1.486496,0.127422,2.771044
IS_CASA_50M_ACTUAL_BAL_LCL,continuous,AVG_AMT_LCL_D0,AVG_AMT_LCL_D0,"(185479400.0, 358035744.0]",6040,7.192959,0.770033,4651,1389,16.869786,2.462722,40740.76801,0.0,0.696546,Strong,1.924257,0.277229,6.028884
IS_CASA_50M_ACTUAL_BAL_LCL,continuous,AVG_AMT_LCL_D0,AVG_AMT_LCL_D0,"(358035744.0, inf]",11344,13.509426,0.862835,9788,1556,35.502358,2.758816,40740.76801,0.0,0.696546,Strong,2.554797,0.836531,18.192004
IS_CASA_50M_ACTUAL_BAL_LCL,continuous,ACTUAL_BAL_LCL_CASA_D0,ACTUAL_BAL_LCL_CASA_D0,Missing,690,0.821712,0.007246,5,685,0.018136,1.214517,40307.198616,0.0,0.69283,Strong,-4.204222,0.050299,-1.224537
IS_CASA_50M_ACTUAL_BAL_LCL,continuous,ACTUAL_BAL_LCL_CASA_D0,ACTUAL_BAL_LCL_CASA_D0,"(-inf, 171340.797]",10642,12.673423,0.026029,277,10365,1.004715,18.377334,40307.198616,0.0,0.69283,Strong,-2.906414,0.50492,-12.292472
IS_CASA_50M_ACTUAL_BAL_LCL,continuous,ACTUAL_BAL_LCL_CASA_D0,ACTUAL_BAL_LCL_CASA_D0,"(171340.797, 1533833.0]",14027,16.704577,0.050403,707,13320,2.564382,23.616603,40307.198616,0.0,0.69283,Strong,-2.220233,0.467408,-11.379231
IS_CASA_50M_ACTUAL_BAL_LCL,continuous,ACTUAL_BAL_LCL_CASA_D0,ACTUAL_BAL_LCL_CASA_D0,"(1533833.0, 7209136.0]",13728,16.348501,0.09528,1308,12420,4.744287,22.020886,40307.198616,0.0,0.69283,Strong,-1.53505,0.265204,-6.456503
IS_CASA_50M_ACTUAL_BAL_LCL,continuous,ACTUAL_BAL_LCL_CASA_D0,ACTUAL_BAL_LCL_CASA_D0,"(7209136.0, 21362364.0]",8958,10.667969,0.1785,1599,7359,5.799782,13.047641,40307.198616,0.0,0.69283,Strong,-0.810787,0.058765,-1.430649
IS_CASA_50M_ACTUAL_BAL_LCL,continuous,ACTUAL_BAL_LCL_CASA_D0,ACTUAL_BAL_LCL_CASA_D0,"(21362364.0, 48394254.0]",7383,8.792321,0.286604,2116,5267,7.675009,9.338487,40307.198616,0.0,0.69283,Strong,-0.196175,0.003263,-0.079447
IS_CASA_50M_ACTUAL_BAL_LCL,continuous,ACTUAL_BAL_LCL_CASA_D0,ACTUAL_BAL_LCL_CASA_D0,"(48394254.0, 79479544.0]",4799,5.715068,0.556991,2673,2126,9.695321,3.769437,40307.198616,0.0,0.69283,Strong,0.944718,0.055983,1.362924
IS_CASA_50M_ACTUAL_BAL_LCL,continuous,ACTUAL_BAL_LCL_CASA_D0,ACTUAL_BAL_LCL_CASA_D0,"(79479544.0, 143404536.0]",5603,6.672542,0.677673,3797,1806,13.772216,3.202071,40307.198616,0.0,0.69283,Strong,1.458855,0.154203,3.754134
IS_CASA_50M_ACTUAL_BAL_LCL,continuous,ACTUAL_BAL_LCL_CASA_D0,ACTUAL_BAL_LCL_CASA_D0,"(143404536.0, 416100592.0]",8394,9.996308,0.790684,6637,1757,24.073268,3.115193,40307.198616,0.0,0.69283,Strong,2.044811,0.428553,10.433285
IS_CASA_50M_ACTUAL_BAL_LCL,continuous,ACTUAL_BAL_LCL_CASA_D0,ACTUAL_BAL_LCL_CASA_D0,"(416100592.0, 1038714976.0]",4886,5.818675,0.872288,4262,624,15.458832,1.106363,40307.198616,0.0,0.69283,Strong,2.637102,0.378489,9.214464
IS_CASA_50M_ACTUAL_BAL_LCL,continuous,ACTUAL_BAL_LCL_CASA_D0,ACTUAL_BAL_LCL_CASA_D0,"(1038714976.0, inf]",4538,5.404247,0.921551,4182,356,15.168662,0.631194,40307.198616,0.0,0.69283,Strong,3.179373,0.4622,11.25244
IS_CASA_50M_ACTUAL_BAL_LCL,continuous,ACTUAL_BAL_LCL_CASA_D0,ACTUAL_BAL_LCL_CASA_D0,Special 0,323,0.384657,0.021672,7,316,0.02539,0.560274,40307.198616,0.0,0.69283,Strong,-3.094073,0.01655,-0.402909
IS_CASA_50M_ACTUAL_BAL_LCL,continuous,AVG_AMT_LCL_CASA_D0,AVG_AMT_LCL_CASA_D0,Missing,690,0.821712,0.007246,5,685,0.018136,1.214517,42349.347804,0.0,0.710164,Strong,-4.204222,0.050299,-1.047202
IS_CASA_50M_ACTUAL_BAL_LCL,continuous,AVG_AMT_LCL_CASA_D0,AVG_AMT_LCL_CASA_D0,"(-inf, 132447.664]",6455,7.687178,0.006507,42,6413,0.152339,11.370366,42349.347804,0.0,0.710164,Strong,-4.312654,0.483795,-10.072471
IS_CASA_50M_ACTUAL_BAL_LCL,continuous,AVG_AMT_LCL_CASA_D0,AVG_AMT_LCL_CASA_D0,"(132447.664, 1731441.75]",12112,14.424027,0.016595,201,11911,0.729053,21.11842,42349.347804,0.0,0.710164,Strong,-3.366154,0.686337,-14.289356
IS_CASA_50M_ACTUAL_BAL_LCL,continuous,AVG_AMT_LCL_CASA_D0,AVG_AMT_LCL_CASA_D0,"(1731441.75, 5603140.5]",9854,11.735004,0.032779,323,9531,1.171563,16.898637,42349.347804,0.0,0.710164,Strong,-2.668894,0.419739,-8.738848
IS_CASA_50M_ACTUAL_BAL_LCL,continuous,AVG_AMT_LCL_CASA_D0,AVG_AMT_LCL_CASA_D0,"(5603140.5, 16665522.0]",10292,12.256612,0.083949,864,9428,3.133841,16.716016,42349.347804,0.0,0.710164,Strong,-1.674108,0.22738,-4.733994
IS_CASA_50M_ACTUAL_BAL_LCL,continuous,AVG_AMT_LCL_CASA_D0,AVG_AMT_LCL_CASA_D0,"(16665522.0, 30699649.0]",6727,8.011099,0.176602,1188,5539,4.309032,9.820748,42349.347804,0.0,0.710164,Strong,-0.823784,0.045405,-0.945312
IS_CASA_50M_ACTUAL_BAL_LCL,continuous,AVG_AMT_LCL_CASA_D0,AVG_AMT_LCL_CASA_D0,"(30699649.0, 49981348.0]",5722,6.814257,0.28906,1654,4068,5.999275,7.212638,42349.347804,0.0,0.710164,Strong,-0.184196,0.002235,-0.046531
IS_CASA_50M_ACTUAL_BAL_LCL,continuous,AVG_AMT_LCL_CASA_D0,AVG_AMT_LCL_CASA_D0,"(49981348.0, 75397576.0]",5144,6.125924,0.479977,2469,2675,8.955386,4.742824,42349.347804,0.0,0.710164,Strong,0.635622,0.026776,0.557469
IS_CASA_50M_ACTUAL_BAL_LCL,continuous,AVG_AMT_LCL_CASA_D0,AVG_AMT_LCL_CASA_D0,"(75397576.0, 185479400.0]",10403,12.388801,0.63847,6642,3761,24.091404,6.668321,42349.347804,0.0,0.710164,Strong,1.284487,0.223797,4.659396
IS_CASA_50M_ACTUAL_BAL_LCL,continuous,AVG_AMT_LCL_CASA_D0,AVG_AMT_LCL_CASA_D0,"(185479400.0, 528203072.0]",8938,10.644151,0.802976,7177,1761,26.031919,3.122285,42349.347804,0.0,0.710164,Strong,2.120758,0.485858,10.115428
IS_CASA_50M_ACTUAL_BAL_LCL,continuous,AVG_AMT_LCL_CASA_D0,AVG_AMT_LCL_CASA_D0,"(528203072.0, inf]",7634,9.091234,0.917605,7005,629,25.408052,1.115228,42349.347804,0.0,0.710164,Strong,3.126007,0.759395,15.810401
IS_CASA_50M_ACTUAL_BAL_LCL,continuous,ACTUAL_BAL_LCL_SAVING_D0,ACTUAL_BAL_LCL_SAVING_D0,"(-inf, 108144.5]",879,1.049402,0.192264,169,710,0.614769,1.261729,1993.175542,0.0,0.154259,Medium,-0.718991,0.004652,-0.645495
IS_CASA_50M_ACTUAL_BAL_LCL,continuous,ACTUAL_BAL_LCL_SAVING_D0,ACTUAL_BAL_LCL_SAVING_D0,"(108144.5, 1049293.0]",3702,4.419665,0.199622,739,2963,2.68825,5.265496,1993.175542,0.0,0.154259,Medium,-0.672285,0.017326,-2.404367
IS_CASA_50M_ACTUAL_BAL_LCL,continuous,ACTUAL_BAL_LCL_SAVING_D0,ACTUAL_BAL_LCL_SAVING_D0,"(1049293.0, 1314363.5]",7895,9.425515,0.203927,1610,6285,5.856675,11.168965,1993.175542,0.0,0.154259,Medium,-0.645557,0.034294,-4.758914
IS_CASA_50M_ACTUAL_BAL_LCL,continuous,ACTUAL_BAL_LCL_SAVING_D0,ACTUAL_BAL_LCL_SAVING_D0,"(1314363.5, 5912594.0]",868,1.036269,0.248848,216,652,0.78574,1.158658,1993.175542,0.0,0.154259,Medium,-0.388391,0.001448,-0.20099
IS_CASA_50M_ACTUAL_BAL_LCL,continuous,ACTUAL_BAL_LCL_SAVING_D0,ACTUAL_BAL_LCL_SAVING_D0,"(5912594.0, 116189568.0]",812,0.969413,0.358374,291,521,1.058567,0.92586,1993.175542,0.0,0.154259,Medium,0.133948,0.000178,0.024667
IS_CASA_50M_ACTUAL_BAL_LCL,continuous,ACTUAL_BAL_LCL_SAVING_D0,ACTUAL_BAL_LCL_SAVING_D0,"(116189568.0, 2763283712.0]",819,0.97777,0.601954,493,326,1.793379,0.579329,1993.175542,0.0,0.154259,Medium,1.129987,0.013719,1.903713
IS_CASA_50M_ACTUAL_BAL_LCL,continuous,ACTUAL_BAL_LCL_SAVING_D0,ACTUAL_BAL_LCL_SAVING_D0,"(2763283712.0, inf]",1126,1.344285,0.703375,792,334,2.881048,0.593546,1993.175542,0.0,0.154259,Medium,1.579795,0.036138,5.014802
IS_CASA_50M_ACTUAL_BAL_LCL,continuous,ACTUAL_BAL_LCL_SAVING_D0,ACTUAL_BAL_LCL_SAVING_D0,Missing,67661,80.77768,0.34259,23180,44481,84.321571,79.046417,1993.175542,0.0,0.154259,Medium,0.064602,0.003408,0.472907
IS_CASA_50M_ACTUAL_BAL_LCL,continuous,AVG_AMT_LCL_SAVING_D0,AVG_AMT_LCL_SAVING_D0,"(-inf, 107824.203]",978,1.164716,0.185072,181,797,0.656535,1.413121,2031.937594,0.0,0.155559,Medium,-0.76658,0.0058,-0.798312
IS_CASA_50M_ACTUAL_BAL_LCL,continuous,AVG_AMT_LCL_SAVING_D0,AVG_AMT_LCL_SAVING_D0,"(107824.203, 1051524.438]",3930,4.680299,0.202545,796,3134,2.887301,5.556738,2031.937594,0.0,0.155559,Medium,-0.654689,0.017477,-2.405534
IS_CASA_50M_ACTUAL_BAL_LCL,continuous,AVG_AMT_LCL_SAVING_D0,AVG_AMT_LCL_SAVING_D0,"(1051524.438, 2432653.75]",8131,9.683336,0.204895,1666,6465,6.043019,11.462766,2031.937594,0.0,0.155559,Medium,-0.6402,0.034697,-4.77586
IS_CASA_50M_ACTUAL_BAL_LCL,continuous,AVG_AMT_LCL_SAVING_D0,AVG_AMT_LCL_SAVING_D0,"(2432653.75, 59933614.0]",1069,1.273089,0.314312,336,733,1.21876,1.299645,2031.937594,0.0,0.155559,Medium,-0.064257,5.2e-05,-0.007154
IS_CASA_50M_ACTUAL_BAL_LCL,continuous,AVG_AMT_LCL_SAVING_D0,AVG_AMT_LCL_SAVING_D0,"(59933614.0, 1239051264.0]",827,0.984887,0.541717,448,379,1.625014,0.671986,2031.937594,0.0,0.155559,Medium,0.883034,0.008416,1.15835
IS_CASA_50M_ACTUAL_BAL_LCL,continuous,AVG_AMT_LCL_SAVING_D0,AVG_AMT_LCL_SAVING_D0,"(1239051264.0, inf]",1373,1.635127,0.700655,962,411,3.489427,0.728723,2031.937594,0.0,0.155559,Medium,1.566198,0.043238,5.951457
IS_CASA_50M_ACTUAL_BAL_LCL,continuous,AVG_AMT_LCL_SAVING_D0,AVG_AMT_LCL_SAVING_D0,Missing,67661,80.578547,0.34259,23180,44481,84.079945,78.867021,2031.937594,0.0,0.155559,Medium,0.064005,0.003337,0.459252
